query,position,url,title,featuredSnippet,featuredSnippetContent,organicOrPaid
AI consulting Winnipeg,1,https://www.zfort.com/artificial-intelligence/artificial-intelligence-ai-consulting-in-Winnipeg,Artificial Intelligence Consulting Company in Winnipeg,no,,organic
AI consulting Winnipeg,2,https://www.whywsi.com/services/ai-consulting-services,AI Consulting Services | WSI Digital Marketing,no,,organic
AI consulting Winnipeg,3,https://ai-consultants.ca/ai-consulting-winnipeg/,Artificial Intelligence Consulting Services in Winnipeg,no,,organic
AI consulting Winnipeg,4,https://www.audaxventures.ca/ai-strategy-consulting,AI Strategy Consulting,no,,organic
AI consulting Winnipeg,5,https://nectarbits.ca/blog/ai-consulting-winnipeg-modernizing-mid-market-firms/,AI Consulting Winnipeg: Modernizing Mid-Market Firms in ...,no,,organic
AI consulting Winnipeg,6,https://www.tagbizsolutions.com/wpg/winnipeg-ai-consulting,AI Consultant Winnipeg - TAG Business Solutions,no,,organic
AI consulting Winnipeg,7,https://www.improving.com/,Improving: Trusted Software Consulting & Development ...,no,,organic
AI consulting Winnipeg,8,https://skysyncai.ca/,"SkySync AI | AI Training & Consulting in Winnipeg, Manitoba",no,,organic
AI consulting Winnipeg,9,https://ca.insight.com/en_CA/what-we-do/expertise/data-and-ai.html,AI Consulting Services | Data Analytics Solutions,no,,organic
AI consulting Winnipeg,10,https://www.integratedmarketingwinnipeg.ca/solution/internet-of-things-iot-artificial-intelligence-agency-winnipeg/,Best Artificial Intelligence Agency in Winnipeg,no,,organic
business automation Winnipeg,1,https://cbaos.ca/,Canadian Business Automation & Online Solutions: Top Web ...,no,,organic
business automation Winnipeg,2,https://www.indusautomation.com/,PLC Programming Winnipeg | Home | Indus Automation Inc.,no,,organic
business automation Winnipeg,3,https://nextgenautomation.com/location/winnipeg-mb/,"Winnipeg, MB",no,,organic
business automation Winnipeg,4,https://www.celcoautomation.com/,What we do - Celco Automation | Manitoba & British Columbia,no,,organic
business automation Winnipeg,5,https://tristarautomation.ca/,Transforming Industries with Innovative Automation Solutions,no,,organic
business automation Winnipeg,6,https://www.gravit-e.ca/solutions/business-process-automation/,Business Process Automation,no,,organic
business automation Winnipeg,7,https://www.digibenders.com/ai-automation/winnipeg-mb,AI Automation Solutions for Winnipeg Businesses,no,,organic
business automation Winnipeg,8,https://www.gnjautomation.com/en/contact-us/canada/winnipeg-manitoba,GNJ Automation Winnipeg,no,,organic
business automation Winnipeg,9,https://www.whywsi.com/,WSI Winnipeg | Marketing Automation | Digital Marketing ...,no,,organic
lead response software Winnipeg,1,https://socialtraffic.ca/services/ai-lead-nurturing/winnipeg-mb,AI Lead Nurturing Winnipeg | AI-powered follow-up,no,,organic
lead response software Winnipeg,2,https://www.owlclaw.com/locations/services/lead-generation-agency/winnipeg/,Lead Generation Agency in Winnipeg - OwlClaw Technologies,no,,organic
lead response software Winnipeg,3,https://firstrank.ca/,Winnipeg SEO - Search Engine Optimization - Digital ...,no,,organic
lead response software Winnipeg,4,https://www.chivalae.com/canada/winnipeg/lead-generation.php,"Lead Generation in Winnipeg, MB",no,,organic
lead response software Winnipeg,5,https://wisdek.com/winnipeg/lead-generation,Lead Generation Winnipeg [2026] | Top Agency,no,,organic
lead response software Winnipeg,6,https://mypurplesales.com/,B2B Outsourced Sales and Marketing Company for B2B Lead ...,no,,organic
lead response software Winnipeg,7,https://www.morismedia.in/winnipeg-best-lead-generation-agency-manitoba,"Lead Generation Services by Moris Media in Winnipeg, 2025",no,,organic
lead response software Winnipeg,8,https://www.chekkit.io/,"Chekkit | All-in-one Reviews, Messenger, and Lead Inbox",no,,organic
lead response software Winnipeg,9,https://modernearth.net/services/digital-marketing/,Digital Marketing Solutions & Advertising - Winnipeg,no,,organic
lead response software Winnipeg,10,https://drmg.com/winnipeg-direct-mail-solutions,Canada Post Expert Partner Winnipeg,no,,organic
speed to lead Winnipeg,1,https://speedtoleadgeneration.com/,Speed to Lead – Done-for-You LinkedIn Lead Generation ...,no,,organic
speed to lead Winnipeg,2,https://ispeedtolead.com/,iSpeedToLead: Motivated Seller Leads Marketplace,no,,organic
speed to lead Winnipeg,3,https://speed2lead.co/,"Speed2Lead | Capture, Nurture, and Deliver More Leads Faster.",no,,organic
speed to lead Winnipeg,4,https://www.linkedin.com/company/speed-to-lead-generation,Speed To Lead,no,,organic
speed to lead Winnipeg,5,https://speedtolead.io/lead-generation/speed-to-lead/,Speed To Lead - SpeedToLead,no,,organic
speed to lead Winnipeg,6,https://speedtoleadgeneration.com/contact-us/,Contact Us - Speed to Lead,no,,organic
speed to lead Winnipeg,7,https://martal.ca/speed-to-lead-lb/,Speed to Lead: AI Strategies to Win B2B Sales in 2025,no,,organic
speed to lead Winnipeg,8,https://www.instagram.com/p/DVTwsxLjJ2c/,"RIP to the leads left on ""Read."" Let's talk about the ""Speed ...",no,,organic
speed to lead Winnipeg,9,https://www.instagram.com/p/DBrikXnsfOO/,Optimizing Speed to Lead for Faster Customer ...,no,,organic
CRM automation Winnipeg,1,https://launchcrm.ca/,Launch CRM – Salesforce Consulting & Support,no,,organic
CRM automation Winnipeg,2,https://marketingautomations.ca/,marketingautomations-ca – logo,no,,organic
CRM automation Winnipeg,3,https://www.digibenders.com/ai-automation/winnipeg-mb,AI Automation Solutions for Winnipeg Businesses,no,,organic
CRM automation Winnipeg,4,https://www.focusedforward.ca/,Focused Forward,no,,organic
CRM automation Winnipeg,5,https://www.whywsi.com/,WSI Winnipeg | Marketing Automation | Digital Marketing ...,no,,organic
CRM automation Winnipeg,6,https://crmsystems.com/,CRM Systems Winnipeg: Homepage,no,,organic
CRM automation Winnipeg,7,https://www.integratedmarketingwinnipeg.ca/solution/best-crm-marketing-agency-winnipeg/,Best CRM Marketing Agency in Winnipeg,no,,organic
CRM automation Winnipeg,8,https://hellodarwin.com/agencies/marketing-automation-agencies/winnipeg,Marketing Automation Agency in Winnipeg,no,,organic
CRM automation Winnipeg,9,https://alphavima.com/power-platform/process-automation-consulting-in-winnipeg-mb/,"Process Automation Consulting in Winnipeg, MB",no,,organic
small business automation Winnipeg,1,https://avenirit.com/ai-automation-small-business-canada/,AI Automation Small Business Tools for Efficiency,no,,organic
small business automation Winnipeg,2,https://syncds.ca/,Sync Digital Solutions: AI Business Consultancy & Automation ...,no,,organic
small business automation Winnipeg,3,https://consultvector.com/,ConsultVector: Automation & Website Development for Small ...,no,,organic
small business automation Winnipeg,4,https://atrix10.ca/ai-business-automation-optimization/,AI and Automation solutions for small business Optimization,no,,organic
small business automation Winnipeg,5,https://officeinnovationsinc.ca/square-9-softworks/,Square 9 Softworks,no,,organic
small business automation Winnipeg,6,https://www.adriitsolutions.com/ai-automation-services/winnipeg/canada/,"IT Solutions In Canada, Winnipeg, Ai Automation Services",no,,organic
small business automation Winnipeg,7,https://platinumbusiness.ca/,Platinum Business Services: Home,no,,organic
small business automation Winnipeg,8,https://www.nextgenautomation.com/about,Office Technology & Managed IT Solutions,no,,organic
small business automation Winnipeg,9,https://www.optimizeyourbusiness.ca/solutions,Our Services | Fractional Leadership & Process ...,no,,organic
small business automation Winnipeg,10,https://mediaforce.ca/ai-automation-small-business/,AI Automation for Small Business,no,,organic
how to follow up leads faster Winnipeg,1,https://www.reddit.com/r/smallbusiness/comments/1qhur2m/how_do_you_follow_up_with_leads_who_go_quiet/,How do you follow up with leads who go quiet without ...,no,,organic
how to follow up leads faster Winnipeg,2,https://www.whywsi.com/services/leads-and-sales,Acquire More Leads & Sales | WSI Digital Marketing ...,no,,organic
how to follow up leads faster Winnipeg,3,https://www.realestateleads.ca/blog/top-lead-follow-up-tips-every-manitoba-real-estate-agent-needs-to-know/,Top Lead Follow-Up Tips for Manitoba Real Estate Agents,no,,organic
how to follow up leads faster Winnipeg,4,https://www.chivalae.com/canada/winnipeg/lead-generation.php,"Lead Generation in Winnipeg, MB",no,,organic
how to follow up leads faster Winnipeg,5,https://www.morismedia.in/winnipeg-best-lead-generation-agency-manitoba,"Lead Generation Services by Moris Media in Winnipeg, 2025",no,,organic
how to follow up leads faster Winnipeg,6,https://www.telup.com/en/call-center-winnipeg,TELUP's Call Center Services in Winnipeg,no,,organic
how to follow up leads faster Winnipeg,7,https://www.outsourcedmarketing.ca/the-follow-up-fix-stop-losing-leads/,Stop Losing Leads: The Follow-Up Fix ...,no,,organic
how to follow up leads faster Winnipeg,8,https://jagvideos.com/winnipeg-seo,Winnipeg SEO Expert | Search Engine Optimization ...,no,,organic
automated lead follow up small business,1,https://www.artisan.co/blog/automated-lead-follow-up-system,How to Build an Automated Lead Follow-Up System - Artisan AI,no,,organic
automated lead follow up small business,2,https://www.reddit.com/r/smallbusiness/comments/1q4cjlq/3_simple_automations_any_small_business_can_set/,3 Simple Automations Any Small Business Can Set Up ...,no,,organic
automated lead follow up small business,3,https://keap.com/small-business-automation-blog/marketing/automation/the-3-keys-of-automated-follow-up,Top 3 Super Easy Automations to Use in a Follow Up Tool,no,,organic
automated lead follow up small business,4,https://www.outreach.io/resources/blog/best-ai-tools-automate-sales-follow-ups,Best AI for automating sales follow-ups in 2026,no,,organic
automated lead follow up small business,5,https://jetpackcrm.com/the-role-of-crm-in-automating-follow-ups-and-nurturing-leads-for-small-businesses/,The Role of CRM in Automating Follow-Ups and Nurturing ...,no,,organic
automated lead follow up small business,6,https://futureforgeaisolutions.ca/follow-up-automation-lead-conversion/,How Follow Up Automation Turns Leads Into Customers In ...,no,,organic
automated lead follow up small business,7,https://www.qualified.com/plus/articles/how-to-automate-lead-follow-up-with-ai-sdrs,How to automate lead follow-up with AI SDRs,no,,organic
automated lead follow up small business,8,https://www.kixie.com/sales-blog/how-to-create-an-automated-lead-follow-up-system-from-scratch/,How To Create An Automated Lead Follow-Up System ...,no,,organic
automated lead follow up small business,9,https://www.nimble.com/blog/best-lead-capturing-crms-for-small-businesses/,Best Lead Capturing CRMs for Small Businesses,no,,organic
automated lead follow up small business,10,https://monday.com/blog/crm-and-sales/ai-lead-follow-up/,AI lead follow up: how build a successful sales system ...,no,,organic
AI lead response service Canada,1,https://askbenny.ca/,Ask Benny: 24/7 AI Virtual Receptionist for Canadian Small ...,no,,organic
AI lead response service Canada,2,https://dialbox.ca/blog/best-ai-answering-services-in-canada,Best AI Answering Services in Canada (2026 Comparison),no,,organic
AI lead response service Canada,3,https://aicanadiansolutions.ca/,"AI Canadian Solutions | AI Receptionists, AI Calling & CRM for ...",no,,organic
AI lead response service Canada,4,https://www.net2phone.com/en-ca/products/ai-agent,The AI Agent That Does the Work for You,no,,organic
AI lead response service Canada,5,https://leadhouse.ca/services/ai-automations,AI & Automation Services,no,,organic
AI lead response service Canada,6,https://www.optimy.ai/,Optimy I AI-Powered Lead Engagement For Automotive ...,no,,organic
AI lead response service Canada,7,https://www.capterra.ca/software/1072352/AI-Answering-Service,"AI Answering Service Pricing, Reviews & Features",no,,organic
AI lead response service Canada,8,https://mediaforce.ca/ai-phone/,AI Answering Service & AI Phone Calls,no,,organic
AI lead response service Canada,9,https://taylormadedigital.ca/dash/,Dash - Taylormade Digital Marketing for Canadian Business,no,,organic
AI lead response service Canada,10,https://www.gilmedia.com/lead-prequalification/,Lead Prequalification Service | AI-Powered ...,no,,organic
Winnipeg marketing automation agency,1,https://www.whywsi.com/,WSI Winnipeg | Marketing Automation | Digital Marketing ...,no,,organic
Winnipeg marketing automation agency,2,https://hellodarwin.com/agencies/marketing-automation-agencies/winnipeg,Marketing Automation Agency in Winnipeg,no,,organic
Winnipeg marketing automation agency,3,https://coffeepowered.ca/,CoffeePowered | Winnipeg Marketing & Advertising Agency,no,,organic
Winnipeg marketing automation agency,4,https://www.convertmate.io/marketing-agency-winnipeg,"Digital Marketing Agency in Winnipeg, Canada",no,,organic
Winnipeg marketing automation agency,5,https://marketingautomations.ca/,marketingautomations-ca – logo,no,,organic
Winnipeg marketing automation agency,6,https://www.hellodigital.marketing/,Hello Digital Marketing: Winnipeg Web Design Agency,no,,organic
Winnipeg marketing automation agency,7,https://cre8ivemarketing.in/marketing-automation-agency-winnipeg/,Marketing Automation Agency in Winnipeg,no,,organic
Winnipeg marketing automation agency,8,https://www.tribbute.com/,TRIBBUTE | Digital Marketing Agency for Scalable Growth ...,no,,organic
Winnipeg marketing automation agency,9,https://modernearth.net/services/digital-marketing/,Digital Marketing Solutions & Advertising - Winnipeg,no,,organic
Winnipeg marketing automation agency,10,https://www.digibenders.com/ai-automation/winnipeg-mb,AI Automation Solutions for Winnipeg Businesses,no,,organic
GoHighLevel consultant Winnipeg,1,https://directory.gohighlevel.com/winnipeg,"Find Winnipeg HighLevel Certified Admin News, Reviews, ...",no,,organic
GoHighLevel consultant Winnipeg,2,https://directory.gohighlevel.com/canada/winnipeg/certified-admins/paul-douglas,Paul Douglas - HighLevel Certified Expert -,no,,organic
GoHighLevel consultant Winnipeg,3,https://directory.gohighlevel.com/canada,"Find Canada HighLevel Certified Admin News, Reviews ...",no,,organic
GoHighLevel consultant Winnipeg,4,https://crmexpertshub.com/gohighlevel-experts/,"GoHighLevel Experts | Setup, Support & Help",no,,organic
GoHighLevel consultant Winnipeg,5,https://mediaforce.ca/ghl-integrations-implementation-service/,CRM & Marketing Automation Integration & Implementation ...,no,,organic
GoHighLevel consultant Winnipeg,6,https://directory.gohighlevel.com/french-canada,Find & Compare French (Canada) Professionals,no,,organic
GoHighLevel consultant Winnipeg,7,https://www.upwork.com/freelancers/~017accf91e98c2a843,Yaraghi M. - Gohighlevel Expert | GHL CRM Automation & ...,no,,organic
GoHighLevel consultant Winnipeg,8,https://www.reddit.com/r/gohighlevel/comments/1odfbhk/request_experienced_gohighlevel_developer/,Request: Experienced GoHighLevel Developer ...,no,,organic
GoHighLevel consultant Winnipeg,9,https://www.gohighlevelexpert.pro/,Welcome to The GoHighLevel Expert,no,,organic
GoHighLevel consultant Winnipeg,10,https://highlevelcrm.ca/,Go High Level CRM Canada,no,,organic
lead management software Winnipeg,1,https://numerique.ca/en-leads-management-winnipeg/,Leads Management in Winnipeg,no,,organic
lead management software Winnipeg,2,https://xformtechnologies.com/sales-management-software/sales-management-winnipeg-canada.php,"Sales Management Software | Winnipeg, Canada",no,,organic
lead management software Winnipeg,3,https://www.capterra.ca/directory/30017/lead-management/software,Lead Management Software - Prices & Reviews,no,,organic
lead management software Winnipeg,4,https://www.morismedia.in/winnipeg-best-lead-generation-agency-manitoba,"Lead Generation Services by Moris Media in Winnipeg, 2025",no,,organic
lead management software Winnipeg,5,https://www.focussoftnet.com/ca/focus-crm-software?srsltid=AfmBOorAsiNWk9ckfNIW7P2OEw20cTwJUV5JFHfL26T6ZIIB0VYGcanQ,Focus CRM - Customer Relationship Management Solution,no,,organic
lead management software Winnipeg,6,https://idfusion.com/,IDFusion Software | A Digital Transformation and Software ...,no,,organic
lead management software Winnipeg,7,https://www.bloomtools.ca/lead-management.html,Lead Management | Integrated CRM | Growing Business ...,no,,organic
lead management software Winnipeg,8,https://www.mindbodyonline.com/business/lead-management,Lead Management,no,,organic
lead management software Winnipeg,9,https://www.owlclaw.com/locations/services/lead-generation-agency/winnipeg/saas/,Lead Generation Agency for SaaS in Winnipeg,no,,organic
lead management software Winnipeg,10,https://www.maximizer.com/features/lead-management-crm/,Powerful Lead Management Software for Sales Teams,no,,organic
missed call text back Winnipeg,1,https://extendcomm.com/winnipeg-call-answering-services/,Winnipeg Call Answering Services,no,,organic
missed call text back Winnipeg,2,https://localgrowthsystem.com/,Local Growth System | Missed Call Text-Back for Winnipeg ...,no,,organic
missed call text back Winnipeg,3,https://alphapixels.ca/ai-automations,AI Receptionist & Lead Automation in Winnipeg - AlphaPixels,no,,organic
missed call text back Winnipeg,4,https://www.facebook.com/61577979897902/posts/how-1-missed-call-costs-painters-76-of-their-revenueyou-are-12-feet-up-on-a-ladd/122161290614932663/,Call/Text - 431-830-9779 #Painters #Manitoba # ...,no,,organic
missed call text back Winnipeg,5,https://innowhale.ca/feature/miss-call-text-back,Miss Call Text Back - Innowhale,no,,organic
missed call text back Winnipeg,6,https://www.tierpeak.com/missed-call-text-back,Missed-Call-Text-Back is the Key to Business Success,no,,organic
missed call text back Winnipeg,7,https://ventura-solutions.ca/missed-call/,Missed Call Text Back Automation,no,,organic
missed call text back Winnipeg,8,https://www.reddit.com/r/Manitoba/comments/1hc3lf6/2042598173_scam/,204-259-8173 scam? : r/Manitoba,no,,organic
missed call text back Winnipeg,9,https://www.autotextback.ca/,AutoTextBack | Missed Call Text Back Service for Contractors,no,,organic
missed call text back Winnipeg,10,https://missedcall.ca/,To A Missed Call Again!,no,,organic
missed call text back Winnipeg,1,https://www.answerconnect.com/ca/lander/call-answering-service-canada,Canada's #1 Answering Service | Loved By Canadian Businesses,no,,paid
AI sales assistant Winnipeg,1,"https://ca.indeed.com/q-sales-automation-l-winnipeg,-mb-jobs.html","Sales automation jobs in Winnipeg, MB",no,,organic
AI sales assistant Winnipeg,2,"https://ca.indeed.com/q-ai-l-winnipeg,-mb-jobs.html","Ai Jobs in Winnipeg, MB (with Salaries)",no,,organic
AI sales assistant Winnipeg,3,https://ca.linkedin.com/jobs/artificial-intelligence-jobs-winnipeg-mb,"521 Artificial Intelligence jobs in Winnipeg, Manitoba ...",no,,organic
AI sales assistant Winnipeg,4,"https://www.ziprecruiter.com/Jobs/Ai-Agent/-in-Winnipeg,MB","Ai Agent Jobs in Winnipeg, MB (NOW HIRING) Mar 26",no,,organic
AI sales assistant Winnipeg,5,https://www.simplyhired.ca/search?q=ai&l=winnipeg,17 Best ai jobs in winnipeg (Hiring Now!),no,,organic
AI sales assistant Winnipeg,6,https://skaled.com/insights/ai-assistants-for-sales-reps-three-everyday-tools/,AI Assistants for Sales Reps: 3 You Should Use Daily,no,,organic
AI sales assistant Winnipeg,7,https://www.digibenders.com/ai-automation/winnipeg-mb,AI Automation Solutions for Winnipeg Businesses,no,,organic
AI sales assistant Winnipeg,8,https://ca.linkedin.com/jobs/sales-technology-jobs-winnipeg-mb,220 Sales Technology jobs in Winnipeg,no,,organic
AI sales assistant Winnipeg,9,https://www.careerbeacon.com/en/job-12/2862051/intouchcx/vp-enterprise-ai-trust-safety-sales/winnipeg-mb,"VP, Enterprise AI & Trust & Safety Sales - IntouchCX",no,,organic
AI sales assistant Winnipeg,1,https://www.ringcentral.com/dg/ai-receptionist.html,AI Receptionist,no,,paid
business automation software Manitoba,1,https://alphavima.com/power-platform/process-automation-consulting-in-winnipeg-mb/,"Process Automation Consulting in Winnipeg, MB",no,,organic
business automation software Manitoba,2,https://www.digibenders.com/ai-automation/winnipeg-mb,AI Automation Solutions for Winnipeg Businesses,no,,organic
business automation software Manitoba,3,https://avenirit.com/ai-automation-small-business-canada/,AI Automation Small Business Tools for Efficiency,no,,organic
business automation software Manitoba,4,https://www.celcoautomation.com/services/,Full Service Automation Solutions | Celco Manitoba & ...,no,,organic
business automation software Manitoba,5,https://www.aot-technologies.com/services/business-process-automation-and-management/,Business Process Automation and Management,no,,organic
business automation software Manitoba,6,https://www.sage.com/en-ca/industry/services/,Professional Services Automation Software | Sage Canada,no,,organic
business automation software Manitoba,7,https://digitalstaff.ca/,DigitalStaff - Achieve more with business AI & automation,no,,organic
business automation software Manitoba,8,https://www.indusautomation.com/,PLC Programming Winnipeg | Home | Indus Automation Inc.,no,,organic
business automation software Manitoba,9,https://atlanticworks.ca/technology-solutions,"Automate Your Operations | CRM, ERP & AI Automation",no,,organic
business automation software Manitoba,10,https://tristarautomation.ca/,Transforming Industries with Innovative Automation Solutions,no,,organic